{
  "testnet": [
    {
      "address": "https://vault-testnet.havenprotocol.org",
      "provider": "Testnet - Vault",
      "port": "443",
      "trusted": true,
      "default": true
    }
  ],
  "stagenet": [
    {
      "address": "http://seed01-stagenet.havenprotocol.org",
      "provider": "Stagenet - Seed 01",
      "port": "37750",
      "trusted": true,
      "default": true
    },
    {
      "address": "http://seed02-stagenet.havenprotocol.org",
      "provider": "Stagenet - Seed 02",
      "port": "37750",
      "trusted": true,
      "default": false
    }
  ],
  "mainnet": [
    {
      "address": "http://remote.haven.miner.rocks",
      "provider": "Haven Miner Rocks",
      "port": "17750",
      "trusted": true
    },
    {
      "address": "http://nodes.hashvault.pro",
      "provider": "Hash Vault",
      "port": "17750",
      "trusted": true
    },
    {
      "address": "https://vault.havenprotocol.org",
      "provider": "Haven European Node",
      "port": "443",
      "trusted": true,
      "default": true
    }
  ]
}