{
  "extends": "tslint:recommended",
  "linterOptions": {
    "exclude": ["src/xmr-core/**/*"]
  },
  "rules": {
    "object-literal-sort-keys": false,
    "no-console":false,
    "interface-name":false,
    "variable-name": {
      "options":["allow-leading-underscore"]
    },
    "max-line-length": {
      "options": [
        120
      ]
    },
    "new-parens": true,
    "no-arg": true,
    "no-bitwise": true,
    "no-empty": false,
    "no-conditional-assignment": false,
    "no-consecutive-blank-lines": false,
    "no-shadowed-variable": false,
    "whitespace": [true, "check-module"]
  },
  "jsRules": {
    "max-line-length": {
      "options": [
        120
      ]
    }
  }
}
